source,target,weight
diasdelluvia,efectos,1
diasdelluvia,efectoscluster,1
diasdelluvia,pedaloftheday,1
efectos,efectoscluster,1
efectos,pedaloftheday,1
efectoscluster,pedaloftheday,1
bahraingp,f1,2
bahraingp,leclerc,1
bahraingp,russell,1
bahraingp,sainz,1
bahraingp,stroll,1
bahraingp,vettel,1
f1,leclerc,1
f1,russell,1
f1,sainz,1
f1,stroll,1
f1,vettel,1
leclerc,russell,1
leclerc,sainz,1
leclerc,stroll,1
leclerc,vettel,1
russell,sainz,1
russell,stroll,1
russell,vettel,1
sainz,stroll,1
sainz,vettel,1
stroll,vettel,1
bigass,onlyfans,1
bigass,onlyfansgirl,1
bigass,rt,1
bigass,suscribete,1
onlyfans,onlyfansgirl,1
onlyfans,rt,2
onlyfans,suscribete,1
onlyfansgirl,rt,1
onlyfansgirl,suscribete,1
rt,suscribete,1
avz,buensábado,1
noticieros,qepd,1
ikiaşıkkalp,sençalkapımı,8
fedua,fisu,1
buensabado,lluviadebendiciones,1
lg,samsung,1
lg,springer,1
samsung,springer,1
retweet,sabadodeganarseguidores,1
retweet,siguemeytesigo,1
sabadodeganarseguidores,siguemeytesigo,1
ad10s,diegoeterno,4
caretas,maradona,1
maradona,modocarrera,2
grindetti,lanus,1
d10s,maradona,1
allblacks,respect,1
covid,hf,2
hf,hf,1
fifa21,maradona,1
fifa21,modocarrera,1
buenosaires,corrientes,1
buenosaires,córdoba,1
buenosaires,entreríos,1
buenosaires,santafe,1
buenosaires,tucumán,1
corrientes,córdoba,1
corrientes,entreríos,1
corrientes,santafe,1
corrientes,tucumán,1
córdoba,entreríos,1
córdoba,santafe,1
córdoba,tucumán,1
entreríos,santafe,1
entreríos,tucumán,1
santafe,tucumán,1
derrotasdignas,lospumas,1
asoka,rosariodawson,1
albon,bahraingp,1
albon,bottas,1
albon,f1,1
albon,hamilton,1
albon,perez,1
albon,verstappen,1
bahraingp,bottas,1
bahraingp,hamilton,1
bahraingp,perez,1
bahraingp,verstappen,1
bottas,f1,1
bottas,hamilton,1
bottas,perez,1
bottas,verstappen,1
f1,hamilton,1
f1,perez,1
f1,verstappen,1
hamilton,perez,1
hamilton,verstappen,1
perez,verstappen,1
amorporloscolores,elmillotraslados,1
amorporloscolores,hinchasderiver,1
amorporloscolores,riverplate,1
amorporloscolores,soyderiver,1
elmillotraslados,hinchasderiver,1
elmillotraslados,riverplate,1
elmillotraslados,soyderiver,1
hinchasderiver,riverplate,1
hinchasderiver,soyderiver,1
riverplate,soyderiver,1
amigos,friends,1
amigos,risa,1
amigos,sanadora,1
amigos,tiktok,1
friends,risa,1
friends,sanadora,1
friends,tiktok,1
risa,sanadora,1
risa,tiktok,1
sanadora,tiktok,1
argentina,córdoba,8
argentina,ríocuarto,8
córdoba,ríocuarto,8
10argentinomundial,algomás,1
10argentinomundial,año2020,1
algomás,año2020,1
federicogarcialorca,sabado,1
aniversario,nuestros,1
aniversario,somosaahba,1
aniversario,somostodos,1
nuestros,somosaahba,1
nuestros,somostodos,1
somosaahba,somostodos,1
allblacks,emocionante,1
allblacks,homenaje,1
emocionante,homenaje,1
allblacks,argentina,1
allblacks,gracias,1
allblacks,maradonaeterno,2
argentina,gracias,1
argentina,maradonaeterno,1
gracias,maradonaeterno,1
lamayoriaceleste,sialavida,6
adelante,frases,1
adelante,fuerza,1
adelante,mamiroca,1
adelante,michaeljordan,1
adelante,motivación,1
adelante,sísepuede,1
frases,fuerza,1
frases,mamiroca,1
frases,michaeljordan,1
frases,motivación,1
frases,sísepuede,1
fuerza,mamiroca,1
fuerza,michaeljordan,1
fuerza,motivación,1
fuerza,sísepuede,1
mamiroca,michaeljordan,1
mamiroca,motivación,1
mamiroca,sísepuede,1
michaeljordan,motivación,1
michaeljordan,sísepuede,1
motivación,sísepuede,1
caféconcanela,quesevenganloschicos,2
diegomaradona,maradonaeterno,1
2021quebienteveo,preparandomotores,1
backto1985,quesevenganloschicos,1
chaudiego,diegomaradona,1
chaudiego,dios,1
chaudiego,futbol,1
chaudiego,graciasdiego,1
chaudiego,lamanodedios,1
chaudiego,maradona,1
chaudiego,pelusa,1
diegomaradona,dios,1
diegomaradona,futbol,1
diegomaradona,graciasdiego,3
diegomaradona,lamanodedios,1
diegomaradona,maradona,1
diegomaradona,pelusa,1
dios,futbol,1
dios,graciasdiego,1
dios,lamanodedios,1
dios,maradona,1
dios,pelusa,1
futbol,graciasdiego,1
futbol,lamanodedios,1
futbol,maradona,1
futbol,pelusa,1
graciasdiego,lamanodedios,1
graciasdiego,maradona,1
graciasdiego,pelusa,1
lamanodedios,maradona,2
lamanodedios,pelusa,1
maradona,pelusa,1
aventurero,michilovers,1
aventurero,paseandolejos,1
aventurero,porahi,1
michilovers,paseandolejos,1
michilovers,porahi,1
paseandolejos,porahi,1
parquelosandeschacarita,plazamafalda,1
buenosaires,tormenta,2
derechodelniñopornacer,mayoriaceleste,1
derechodelniñopornacer,sialavida,1
mayoriaceleste,sialavida,1
nos,usatapaboca,1
allblacks,argentinaunida,1
allblacks,diegoarmandomaradona,1
allblacks,diegoeterno,2
allblacks,homenajes,1
allblacks,selecionnacionalderubyargentina,1
argentinaunida,diegoarmandomaradona,1
argentinaunida,diegoeterno,1
argentinaunida,homenajes,1
argentinaunida,selecionnacionalderubyargentina,1
diegoarmandomaradona,diegoeterno,2
diegoarmandomaradona,homenajes,1
diegoarmandomaradona,selecionnacionalderubyargentina,1
diegoeterno,homenajes,1
diegoeterno,selecionnacionalderubyargentina,1
homenajes,selecionnacionalderubyargentina,1
argentina,canon,1
argentina,photography,1
argentina,venta,1
canon,photography,1
canon,venta,1
photography,venta,1
campo,life,1
campo,lifestyle,1
campo,siempreunmate,1
campo,vacaciones,1
life,lifestyle,1
life,siempreunmate,1
life,vacaciones,1
lifestyle,siempreunmate,1
lifestyle,vacaciones,1
siempreunmate,vacaciones,1
allblacks,lospumas,3
ad10s,adiosdiego,1
ad10s,barriletecosmico,1
adiosdiego,barriletecosmico,1
adiosdiego,diegoeterno,1
barriletecosmico,diegoeterno,1
allblacks,pumas,2
maradona,tufotoconmaradonatn,1
sefirinkızı,startv,1
avellaneda,fútbol,1
after,cachengue,1
after,party,1
after,previa,1
after,sabado,1
cachengue,party,1
cachengue,previa,1
cachengue,sabado,1
party,previa,1
party,sabado,1
previa,sabado,1
caba,sales,1
boca,newells,1
activadekalb,adengo,1
disneygallery,themandolorian,1
atención,deigomolina,1
atención,maradona,2
deigomolina,maradona,1
28denoviembre,lluvia,1
atención,noticias,1
maradona,noticias,1
argentinian,body,1
argentinian,bodysroncoello,1
argentinian,desnudo,1
argentinian,foryou,1
argentinian,men,1
argentinian,photograghy,1
argentinian,photographer,1
argentinian,photooftheday,1
body,bodysroncoello,1
body,desnudo,1
body,foryou,1
body,men,1
body,photograghy,1
body,photographer,1
body,photooftheday,1
bodysroncoello,desnudo,1
bodysroncoello,foryou,1
bodysroncoello,men,1
bodysroncoello,photograghy,1
bodysroncoello,photographer,1
bodysroncoello,photooftheday,1
desnudo,foryou,1
desnudo,men,1
desnudo,photograghy,1
desnudo,photographer,1
desnudo,photooftheday,1
foryou,men,1
foryou,photograghy,1
foryou,photographer,1
foryou,photooftheday,1
men,photograghy,1
men,photographer,1
men,photooftheday,1
photograghy,photographer,1
photograghy,photooftheday,1
photographer,photooftheday,1
lainteligenciadelasflores,maeterlinck,1
deportivocali,gimnasia,1
deportivocali,vélez,1
gimnasia,vélez,1
allblacks,diegomaradona,1
diegomaradona,lospumas,3
crocodilemask,themaskedsinger,1
comuna10,d10s,1
comuna10,diegomaradona,1
comuna10,nohabraotroigual,1
d10s,diegomaradona,2
d10s,nohabraotroigual,1
diegomaradona,nohabraotroigual,1
americadecali,baronrojosur,1
americadecali,dani3palacios,1
baronrojosur,dani3palacios,1
futbolfemenino,vamoslaschicas,1
argentina,buenosaires,3
argentina,photografer,1
argentina,urbanandstreet,1
argentina,urbanart,1
buenosaires,photografer,1
buenosaires,urbanandstreet,1
buenosaires,urbanart,1
photografer,urbanandstreet,1
photografer,urbanart,1
urbanandstreet,urbanart,1
mileycyrus,plastichearts,1
baking,cake,1
baking,cakestand,1
baking,chocolate,1
baking,orange,1
baking,weekendmood,1
cake,cakestand,1
cake,chocolate,1
cake,orange,1
cake,weekendmood,1
cakestand,chocolate,1
cakestand,orange,1
cakestand,weekendmood,1
chocolate,orange,1
chocolate,weekendmood,1
orange,weekendmood,1
jumpropeworkout,theyrunwefly,1
d10s,diegoeterno,2
d10s,graciasdiego,1
d10s,verguenzanacional,1
diegoeterno,graciasdiego,4
diegoeterno,verguenzanacional,1
graciasdiego,verguenzanacional,1
engels,engels200anos,1
engels,hoy,1
engels200anos,hoy,1
ad10s,diegoarmandomaradona,1
ad10s,diegomaradona,2
ad10s,graciasdiego,2
diegoarmandomaradona,diegomaradona,1
diegoarmandomaradona,graciasdiego,1
diegoeterno,diegomaradona,2
be_bts,lifegoeson,1
lospumas,pichot,1
lospumas,porta,1
pichot,porta,1
ad10s,grandediego,1
ad10s,hastasiemprediego,1
diegoeterno,grandediego,1
diegoeterno,hastasiemprediego,1
diegomaradona,grandediego,1
diegomaradona,hastasiemprediego,1
graciasdiego,grandediego,1
graciasdiego,hastasiemprediego,1
grandediego,hastasiemprediego,1
italiaxxionline,milano,1
basket,basquet,1
basket,fiba,2
basquet,fiba,1
artedigital,graphicdesign,1
artedigital,illustration,1
artedigital,kaleidosaturday,1
graphicdesign,illustration,1
graphicdesign,kaleidosaturday,1
illustration,kaleidosaturday,1
28nsalimostodos,argentinaesvida,2
28nsalimostodos,lamayoriaceleste,3
28nsalimostodos,síalavida,1
argentinaesvida,lamayoriaceleste,2
argentinaesvida,síalavida,1
lamayoriaceleste,síalavida,1
lubeverona,superlega,2
altcoin,bitcoin,1
altcoin,fud,1
altcoin,libra,1
altcoin,plustoken,1
bitcoin,fud,1
bitcoin,libra,1
bitcoin,plustoken,1
fud,libra,1
fud,plustoken,1
libra,plustoken,1
everton,leeds,2
everton,maradona,2
leeds,maradona,2
copadiegomaradona,lanús,1
boca,bocacampeondelmundo,1
boca,bocajuniors,1
boca,realmadrid,1
bocacampeondelmundo,bocajuniors,1
bocacampeondelmundo,realmadrid,1
bocajuniors,realmadrid,1
giorgioredaelli,sale,1
friendsforevertheseries,mipequeñafan,1
novelagrafica,radiomoebia,1
novelagrafica,salondelcomic,1
radiomoebia,salondelcomic,1
ikiaşıkkalp,losamofuerte,1
38a0,allblacks,1
barriletecosmico,genialidad,2
barriletecosmico,gracias,2
barriletecosmico,sabado,2
genialidad,gracias,2
genialidad,sabado,2
gracias,sabado,2
eubeachclean,unióneuropea,1
cualquierparecido,realité,1
cualquierparecido,sábadodelluvia,1
realité,sábadodelluvia,1
aaaj,diegoeterno,1
love,music,1
love,palaplaya,1
love,reggae,1
music,palaplaya,1
music,reggae,1
palaplaya,reggae,1
eubeachcleanup,unióneuropea,1
eubeachcleanup,paísesbajos,1
eubeachcleanup,polonia,1
el28salimostodos,lamayoriaceleste,1
cck,centrocultural,1
cck,diegoarmandomaradona,1
centrocultural,diegoarmandomaradona,1
happy,smile,1
happy,tbt,1
smile,tbt,1
diegoarmandomaradona,eternodiego,1
diegoarmandomaradona,maradonaeterno,1
eternodiego,maradonaeterno,1
16díasdeactivismo,laotrapandemia,1
16díasdeactivismo,niunamenos,1
16díasdeactivismo,pintaelmundonaranja,1
16díasdeactivismo,secretariadelamujerapl,1
16díasdeactivismo,únete,1
laotrapandemia,niunamenos,1
laotrapandemia,pintaelmundonaranja,1
laotrapandemia,secretariadelamujerapl,1
laotrapandemia,únete,1
niunamenos,pintaelmundonaranja,1
niunamenos,secretariadelamujerapl,1
niunamenos,únete,1
pintaelmundonaranja,secretariadelamujerapl,1
pintaelmundonaranja,únete,1
secretariadelamujerapl,únete,1
historia,imperioromano,1
historia,juliocésar,1
historia,mamiroca,1
imperioromano,juliocésar,1
imperioromano,mamiroca,1
juliocésar,mamiroca,1
tequierodiego,vamosmillosquerido,1
almagro,tormenta,1
conabortosalimostodos,lamayoriaceleste,1
fedeencuesta,ohlala,1
equipo,reddecementeriospatrimoniales,1
equipo,redzonanorte,1
reddecementeriospatrimoniales,redzonanorte,1
avellanedacapitalnacionaldelfutbol,orgullo,1
avellanedacapitalnacionaldelfutbol,vivamosmejor,1
orgullo,vivamosmejor,1
diego,diego,2
diego,pumas,8
pumas,pumas,2
argentina,lamayoriaceleste,1
argentina,noalaborto,1
argentina,sialavida,1
lamayoriaceleste,noalaborto,6
noalaborto,sialavida,4
hoyjuegaboca,hoyjueganellas,1
aroundtheworld,bgaymedia,24
aroundtheworld,buegay,24
aroundtheworld,enjoying,24
aroundtheworld,travelphotography,24
bgaymedia,buegay,24
bgaymedia,enjoying,24
bgaymedia,travelphotography,24
buegay,enjoying,24
buegay,travelphotography,28
enjoying,travelphotography,24
lamayoriaceleste,sialas2vidas,1
lamayoriaceleste,sialasdosvidas,1
noalaborto,sialas2vidas,1
noalaborto,sialasdosvidas,1
sialas2vidas,sialasdosvidas,1
buensábado,mefalta,6
buensábado,rankingtop15,6
mefalta,rankingtop15,6
berensaat,enginakyürek,1
berensaat,fatmagul,1
enginakyürek,fatmagul,1
bonalingerie,pijama,3
bonalingerie,short,2
pijama,short,2
bonalingerie,pantuflas,1
pantuflas,pijama,1
pantuflas,short,1
eldoctormusica,losrancheros,1
edayildiz,edser,1
edayildiz,ikiaşıkkalp,1
edayildiz,serkanbolat,1
edser,ikiaşıkkalp,2
edser,serkanbolat,1
ikiaşıkkalp,serkanbolat,1
ahora,comodoro,1
ahora,elcronistacr,1
comodoro,elcronistacr,1
verguenzamundial,verguenzanacional,1
28n2020,lamayoriaceleste,1
aroundtheworld,getaway,1
aroundtheworld,potrerodelosfunes,1
aroundtheworld,sanluis,1
aroundtheworld,weekend,1
bgaymedia,getaway,1
bgaymedia,potrerodelosfunes,1
bgaymedia,sanluis,1
bgaymedia,weekend,1
buegay,getaway,1
buegay,potrerodelosfunes,1
buegay,sanluis,1
buegay,weekend,1
enjoying,getaway,1
enjoying,potrerodelosfunes,1
enjoying,sanluis,1
enjoying,weekend,1
getaway,potrerodelosfunes,1
getaway,sanluis,1
getaway,travelphotography,1
getaway,weekend,1
potrerodelosfunes,sanluis,1
potrerodelosfunes,travelphotography,1
potrerodelosfunes,weekend,1
sanluis,travelphotography,1
sanluis,weekend,1
travelphotography,weekend,1
lamayoriaceleste,salvemoslas2vidas,1
aroundtheworld,breakfast,1
aroundtheworld,weekendvibes,1
bgaymedia,breakfast,1
bgaymedia,weekendvibes,1
breakfast,buegay,1
breakfast,enjoying,1
breakfast,travelphotography,1
breakfast,weekendvibes,1
buegay,weekendvibes,1
enjoying,weekendvibes,1
travelphotography,weekendvibes,1
aroundtheworld,buenosaires,1
aroundtheworld,horses,1
aroundtheworld,polo,1
bgaymedia,buenosaires,1
bgaymedia,horses,1
bgaymedia,polo,1
buegay,buenosaires,1
buegay,horses,1
buegay,polo,1
buenosaires,enjoying,1
buenosaires,horses,1
buenosaires,polo,1
buenosaires,travelphotography,1
enjoying,horses,1
enjoying,polo,1
horses,polo,1
horses,travelphotography,1
polo,travelphotography,1
atlanta,platense,1
atlanta,volveremos,1
platense,volveremos,1
aroundtheworld,batman,1
aroundtheworld,catwoman,1
aroundtheworld,gatubela,1
batman,bgaymedia,1
batman,buegay,1
batman,catwoman,1
batman,enjoying,1
batman,gatubela,1
batman,travelphotography,1
bgaymedia,catwoman,1
bgaymedia,gatubela,1
buegay,catwoman,1
buegay,gatubela,1
catwoman,enjoying,1
catwoman,gatubela,1
catwoman,travelphotography,1
enjoying,gatubela,1
gatubela,travelphotography,1
aroundtheworld,museum,1
aroundtheworld,vangogh,1
bgaymedia,museum,1
bgaymedia,vangogh,1
buegay,museum,1
buegay,vangogh,1
enjoying,museum,1
enjoying,vangogh,1
museum,travelphotography,1
museum,vangogh,1
travelphotography,vangogh,1
d1os,maradonaeterno,1
d1os,maradona,1
aroundtheworld,mgw,1
aroundtheworld,tbt,1
bgaymedia,mgw,1
bgaymedia,tbt,1
buegay,mgw,1
buegay,tbt,1
enjoying,mgw,1
enjoying,tbt,1
mgw,tbt,1
mgw,travelphotography,1
tbt,travelphotography,1
abortaresmatar,lamayoríaceleste,1
racing,unión,1
argentina,eatr2020,1
argentina,turismo,1
eatr2020,turismo,1
golf,golfing,1
antiguanapoli,dulcedeleche,1
antiguanapoli,dulcegranizado,1
antiguanapoli,heladosartesanales,1
dulcedeleche,dulcegranizado,1
dulcedeleche,heladosartesanales,1
dulcegranizado,heladosartesanales,1
lamayoríaceleste,sihayabortosalimostodos,2
allblacks,maradona,1
allblacks,qepddiego,1
maradona,qepddiego,1
28nsalimostodos,noalaborto,1
28nsalimostodos,salvemoslasdosvidas,1
noalaborto,salvemoslasdosvidas,1
abs,fit,1
abs,fitness,1
abs,fitnessmotivation,1
abs,healthylifestyle,1
abs,intermittentfasting,1
abs,running,1
fit,fitness,1
fit,fitnessmotivation,1
fit,healthylifestyle,1
fit,intermittentfasting,1
fit,running,1
fitness,fitnessmotivation,1
fitness,healthylifestyle,1
fitness,intermittentfasting,1
fitness,running,1
fitnessmotivation,healthylifestyle,1
fitnessmotivation,intermittentfasting,1
fitnessmotivation,running,1
healthylifestyle,intermittentfasting,1
healthylifestyle,running,1
intermittentfasting,running,1
atlanta,futbolprofesional,2
argentinaesvida,lamayoríaceleste,2
lamayoríaceleste,salvemoslasdosvidas,1
lamayoríaceleste,somosuno,1
lamayoríaceleste,unanuevaoportunidad,1
salvemoslasdosvidas,sihayabortosalimostodos,1
salvemoslasdosvidas,somosuno,1
salvemoslasdosvidas,unanuevaoportunidad,1
sihayabortosalimostodos,somosuno,1
sihayabortosalimostodos,unanuevaoportunidad,1
somosuno,unanuevaoportunidad,1
880v10,freshfoam,1
880v10,wegotnow,1
freshfoam,wegotnow,1
lamayoríaceleste,noalaborto,9
lamanodedios,maradonaeterno,1
lamanodedios,rodrigo,1
maradona,maradonaeterno,2
maradona,rodrigo,1
maradonaeterno,rodrigo,1
diegoeterno,juegavelez,1
felizsábado,mefalta,1
lamayoriaceleste,sanmiguel,1
airbadminton,badminton,1
airbadminton,parabadminton,1
badminton,parabadminton,1
graciasdiego,maradonaeterno,1
graciasdiego,racing,1
maradonaeterno,racing,2
lamayoriaceleste,salvemoslasdosvidas,2
diegoeterno,racingclub,1
graciasdiego,racingclub,1
gorra,maradona,1
argentinaesprovida,lamayoríaceleste,2
argentinaesprovida,noalaborto,2
diegomaradona,pumas,1
encasaconsdtv,maradona10,1
encasaconsdtv,maradonaeterno,2
maradona10,maradonaeterno,1
amor,argentina,1
amor,dixieland,1
amor,jazz,1
amor,music,1
amor,musica,1
amor,pasion,1
argentina,dixieland,1
argentina,jazz,1
argentina,music,1
argentina,musica,1
argentina,pasion,1
dixieland,jazz,1
dixieland,music,1
dixieland,musica,1
dixieland,pasion,1
jazz,music,1
jazz,musica,1
jazz,pasion,1
music,musica,1
music,pasion,1
musica,pasion,1
consultaaguaido,consultapopular,1
riverdemicorazon,vamosriver,1
macronbasura,macrondemission,1
lamayoríaceleste,noseraley,1
noalaborto,noseraley,1
labiosrotos,zoetheband,1
conabortosalimostodos,lamayoríaceleste,1
28n,28nsalimostodos,1
28n,lamayoriaceleste,1
babucha,lookdeldía,1
babucha,remera,1
babucha,ucutv,1
lookdeldía,remera,1
lookdeldía,ucutv,1
remera,ucutv,1
independiente,maradonaeterno,1
aaa2020,holasoyange,1
aaa2020,holasábado,1
holasoyange,holasábado,1
arte,palermo,1
arte,sumieshodo,1
palermo,sumieshodo,1
argentinaesvida,latamesprovida,1
argentinaesvida,salvemoslas2vidas,1
lamayoríaceleste,latamesprovida,1
lamayoríaceleste,salvemoslas2vidas,1
latamesprovida,salvemoslas2vidas,1
churros,encasaconsdtv,1
churros,maradona,1
churros,maradonaeterno,1
churros,racing,1
encasaconsdtv,maradona,1
encasaconsdtv,racing,1
maradona,racing,1
fatherson,salidera,1
arbol,argentina,1
arbol,buenosaires,1
arbol,flowersofinstagram,1
arbol,flowerstagram,1
arbol,naturaleza,1
arbol,nature,1
arbol,plant,1
arbol,plantas,1
arbol,tree,1
argentina,flowersofinstagram,1
argentina,flowerstagram,1
argentina,naturaleza,1
argentina,nature,1
argentina,plant,1
argentina,plantas,1
argentina,tree,1
buenosaires,flowersofinstagram,1
buenosaires,flowerstagram,1
buenosaires,naturaleza,1
buenosaires,nature,1
buenosaires,plant,1
buenosaires,plantas,1
buenosaires,tree,1
flowersofinstagram,flowerstagram,1
flowersofinstagram,naturaleza,1
flowersofinstagram,nature,1
flowersofinstagram,plant,1
flowersofinstagram,plantas,1
flowersofinstagram,tree,1
flowerstagram,naturaleza,1
flowerstagram,nature,1
flowerstagram,plant,1
flowerstagram,plantas,1
flowerstagram,tree,1
naturaleza,nature,1
naturaleza,plant,1
naturaleza,plantas,1
naturaleza,tree,1
nature,plant,1
nature,plantas,1
nature,tree,1
plant,plantas,1
plant,tree,1
plantas,tree,1
beautiful,crazy,2
beautiful,cute,2
beautiful,day,2
beautiful,girl,2
beautiful,happy,2
beautiful,love,2
beautiful,lovely,2
beautiful,me,2
beautiful,outside,2
beautiful,selfie,2
beautiful,spring,2
beautiful,sunny,2
crazy,cute,2
crazy,day,2
crazy,girl,2
crazy,happy,2
crazy,love,2
crazy,lovely,2
crazy,me,2
crazy,outside,2
crazy,selfie,2
crazy,spring,2
crazy,sunny,2
cute,day,2
cute,girl,2
cute,happy,2
cute,love,2
cute,lovely,2
cute,me,2
cute,outside,2
cute,selfie,2
cute,spring,2
cute,sunny,2
day,girl,2
day,happy,2
day,love,2
day,lovely,2
day,me,2
day,outside,2
day,selfie,2
day,spring,2
day,sunny,2
girl,happy,2
girl,love,2
girl,lovely,2
girl,me,2
girl,outside,2
girl,selfie,2
girl,spring,2
girl,sunny,2
happy,love,2
happy,lovely,2
happy,me,2
happy,outside,2
happy,selfie,2
happy,spring,2
happy,sunny,2
love,lovely,2
love,me,2
love,outside,2
love,selfie,2
love,spring,2
love,sunny,2
lovely,me,2
lovely,outside,2
lovely,selfie,2
lovely,spring,2
lovely,sunny,2
me,outside,2
me,selfie,2
me,spring,2
me,sunny,2
outside,selfie,2
outside,spring,2
outside,sunny,2
selfie,spring,2
selfie,sunny,2
spring,sunny,2
bass,basshero,1
bass,instrumental,1
bass,latin,1
bass,musica,1
basshero,instrumental,1
basshero,latin,1
basshero,musica,1
instrumental,latin,1
instrumental,musica,1
latin,musica,1
copadiegomaradonaentntsports,racing,1
carygrant,hitchcock,1
carygrant,ingridbergman,1
hitchcock,ingridbergman,1
barbershop,buegay,2
barbershop,haircut,2
barbershop,relax,2
barbershop,saturday,2
barbershop,travelphotography,2
buegay,haircut,2
buegay,relax,2
buegay,saturday,4
haircut,relax,2
haircut,saturday,2
haircut,travelphotography,2
relax,saturday,2
relax,travelphotography,2
saturday,travelphotography,4
allblacks,diego,1
diego,lospumas,1
disco,eminem,1
disco,lp,1
disco,music,1
disco,nowplaying,1
disco,turntable,1
disco,vinilo,1
disco,vinyl,1
disco,vinylcollection,1
disco,vinylcollector,1
eminem,lp,1
eminem,music,1
eminem,nowplaying,1
eminem,turntable,1
eminem,vinilo,1
eminem,vinyl,1
eminem,vinylcollection,1
eminem,vinylcollector,1
lp,music,1
lp,nowplaying,1
lp,turntable,1
lp,vinilo,1
lp,vinyl,1
lp,vinylcollection,1
lp,vinylcollector,1
music,nowplaying,1
music,turntable,1
music,vinilo,1
music,vinyl,1
music,vinylcollection,1
music,vinylcollector,1
nowplaying,turntable,1
nowplaying,vinilo,1
nowplaying,vinyl,1
nowplaying,vinylcollection,1
nowplaying,vinylcollector,1
turntable,vinilo,1
turntable,vinyl,1
turntable,vinylcollection,1
turntable,vinylcollector,1
vinilo,vinyl,1
vinilo,vinylcollection,1
vinilo,vinylcollector,1
vinyl,vinylcollection,1
vinyl,vinylcollector,1
vinylcollection,vinylcollector,1
findes,giuffra,1
diegodijo,frasesdeldiego,1
elpeorgobiernodelahistoria,elpeorpresidentedelahistoria,2
caba,jacaranda,1
caba,spring,1
caba,summer,1
jacaranda,spring,1
jacaranda,summer,1
spring,summer,1
camarin,lunapark,1
camarin,previashow,1
lunapark,previashow,1
khjargentina,khjargentinathisislove,2
khjargentina,kimhyunjoong,2
khjargentina,musicikorea,1
khjargentinathisislove,kimhyunjoong,2
khjargentinathisislove,musicikorea,1
kimhyunjoong,musicikorea,1
btc,eth,1
alavés,realmadrid,1
friends,friendship,1
friends,love,1
friendship,love,1
khjargentina,musicinkorea,1
khjargentinathisislove,musicinkorea,1
kimhyunjoong,musicinkorea,1
dominante,machoactivo,1
almagro,gyejujuy,1
iloverunn,run,1
iloverunn,running,1
run,running,1
layenda,maradonaeterno,1
ad,amazon,1
ad,blackfriday,1
ad,only18,1
ad,onlyfans,1
ad,rt,1
amazon,blackfriday,1
amazon,only18,1
amazon,onlyfans,1
amazon,rt,1
blackfriday,only18,1
blackfriday,onlyfans,1
blackfriday,rt,1
only18,onlyfans,1
only18,rt,1
vamoslospibes,vamosracing,1
nofueley,noseraley,2
nofueley,salvemoslas2vidas,1
noseraley,salvemoslas2vidas,1
cabala,hayqueganarlacopalibertadores,1
crypto,futuro,1
buegay,business,2
buegay,convention,2
buegay,expo,2
buegay,meeting,2
buegay,travel,11
business,convention,2
business,expo,2
business,meeting,2
business,travel,2
convention,expo,2
convention,meeting,2
convention,travel,2
expo,meeting,2
expo,travel,2
meeting,travel,2
laspibas,lospibes,1
laspibas,racing,1
lospibes,racing,1
cientifico,nuclear_scientist,1
argentina,copalpf,1
argentina,racing,1
argentina,unionsantafe,1
copalpf,racing,1
copalpf,unionsantafe,1
racing,unionsantafe,1
efectoestroboscopio,juguetesopticos,1
efectoestroboscopio,precine,1
efectoestroboscopio,zoetrope,1
efectoestroboscopio,zootropo,1
juguetesopticos,precine,1
juguetesopticos,zoetrope,1
juguetesopticos,zootropo,1
precine,zoetrope,1
precine,zootropo,1
zoetrope,zootropo,1
bolivia,lanús,1
covid19,sabado,1
lamayoríaceleste,latam,1
latam,noalaborto,1
afternoon,beagle,2
afternoon,buegay,2
afternoon,saturday,2
afternoon,toto,2
afternoon,travelphotography,2
afternoon,walking,2
beagle,buegay,2
beagle,saturday,2
beagle,toto,2
beagle,travelphotography,2
beagle,walking,2
buegay,toto,2
buegay,walking,2
saturday,toto,2
saturday,walking,2
toto,travelphotography,2
toto,walking,2
travelphotography,walking,2
banfield,boca,5
diegomaradona,paris,1
afternoon,developerslife,1
afternoon,nature,1
afternoon,pine,1
afternoon,sunset,1
afternoon,window,1
developerslife,nature,1
developerslife,pine,1
developerslife,sunset,1
developerslife,window,1
nature,pine,1
nature,sunset,1
nature,window,1
pine,sunset,1
pine,window,1
sunset,window,1
estadioriverplate,mirabilia,1
estadioriverplate,nofilter,1
estadioriverplate,plazaalberti,1
mirabilia,nofilter,1
mirabilia,plazaalberti,1
nofilter,plazaalberti,1
argentina,caribeño,1
argentina,latino,1
argentina,loscantantes,1
argentina,maracaibo,1
argentina,parati,1
argentina,peru,1
argentina,venezuela,1
argentina,virao,1
argentina,viraochallenge,1
buenosaires,caribeño,1
buenosaires,latino,1
buenosaires,loscantantes,1
buenosaires,maracaibo,1
buenosaires,parati,1
buenosaires,peru,1
buenosaires,venezuela,1
buenosaires,virao,1
buenosaires,viraochallenge,1
caribeño,latino,1
caribeño,loscantantes,1
caribeño,maracaibo,1
caribeño,parati,1
caribeño,peru,1
caribeño,venezuela,1
caribeño,virao,1
caribeño,viraochallenge,1
latino,loscantantes,1
latino,maracaibo,1
latino,parati,1
latino,peru,1
latino,venezuela,1
latino,virao,1
latino,viraochallenge,1
loscantantes,maracaibo,1
loscantantes,parati,1
loscantantes,peru,1
loscantantes,venezuela,1
loscantantes,virao,1
loscantantes,viraochallenge,1
maracaibo,parati,1
maracaibo,peru,1
maracaibo,venezuela,1
maracaibo,virao,1
maracaibo,viraochallenge,1
parati,peru,1
parati,venezuela,1
parati,virao,1
parati,viraochallenge,1
peru,venezuela,1
peru,virao,1
peru,viraochallenge,1
venezuela,virao,1
venezuela,viraochallenge,1
virao,viraochallenge,1
babylights,iluminacion,1
babylights,pelolacio,1
babylights,peluqueria,1
iluminacion,pelolacio,1
iluminacion,peluqueria,1
pelolacio,peluqueria,1
altosax,artist,1
altosax,artistsontwitter,1
altosax,lgtwo,1
altosax,music,1
altosax,practice,1
altosax,practicetime,1
altosax,rtartboost,1
altosax,rt希望,1
altosax,sax,1
artist,artistsontwitter,1
artist,lgtwo,1
artist,music,1
artist,practice,1
artist,practicetime,1
artist,rtartboost,1
artist,rt希望,1
artist,sax,1
artistsontwitter,lgtwo,1
artistsontwitter,music,1
artistsontwitter,practice,1
artistsontwitter,practicetime,1
artistsontwitter,rtartboost,1
artistsontwitter,rt希望,1
artistsontwitter,sax,1
lgtwo,music,1
lgtwo,practice,1
lgtwo,practicetime,1
lgtwo,rtartboost,1
lgtwo,rt希望,1
lgtwo,sax,1
music,practice,1
music,practicetime,1
music,rtartboost,1
music,rt希望,1
music,sax,1
practice,practicetime,1
practice,rtartboost,1
practice,rt希望,1
practice,sax,1
practicetime,rtartboost,1
practicetime,rt希望,1
practicetime,sax,1
rtartboost,rt希望,1
rtartboost,sax,1
rt希望,sax,1
baterista,colombo,1
baterista,drummers,1
baterista,egz2020,1
baterista,sabian,1
baterista,skaargentino,1
baterista,skapunk,1
baterista,zidljian,1
colombo,drummers,1
colombo,egz2020,1
colombo,sabian,1
colombo,skaargentino,1
colombo,skapunk,1
colombo,zidljian,1
drummers,egz2020,1
drummers,sabian,1
drummers,skaargentino,1
drummers,skapunk,1
drummers,zidljian,1
egz2020,sabian,1
egz2020,skaargentino,1
egz2020,skapunk,1
egz2020,zidljian,1
sabian,skaargentino,1
sabian,skapunk,1
sabian,zidljian,1
skaargentino,skapunk,1
skaargentino,zidljian,1
skapunk,zidljian,1
quelindoserderacing,vamosracing,1
chau2020,nacer,1
chau2020,vida,1
nacer,vida,1
buenosaires,highway,1
buenosaires,igshotz,1
buenosaires,leicadlux4,1
buenosaires,nubesdetuciudad,1
buenosaires,storm,1
highway,igshotz,1
highway,leicadlux4,1
highway,nubesdetuciudad,1
highway,storm,1
highway,tormenta,1
igshotz,leicadlux4,1
igshotz,nubesdetuciudad,1
igshotz,storm,1
igshotz,tormenta,1
leicadlux4,nubesdetuciudad,1
leicadlux4,storm,1
leicadlux4,tormenta,1
nubesdetuciudad,storm,1
nubesdetuciudad,tormenta,1
storm,tormenta,1
funcionariosquenofuncionan,tugo,1
buenosaires,colegiermo,1
buenosaires,justoahora,1
colegiermo,justoahora,1
atardecer,sinfiltro,1
ad10s,flashback,1
atardecer,mifotobang,1
atardecer,naturaleza,1
mifotobang,naturaleza,1
amor,cumpleañosfeliz,1
amor,mama,1
cumpleañosfeliz,mama,1
lamayoriaesceleste,somosmayoria,1
begoesonparty,lifegoeson,1
diegoeterno,racingpositivo,1
diegoeterno,vamoslospibes,1
racingpositivo,vamoslospibes,1
femenino,futsal,1
28noviembre,argentinaesprovida,1
28noviembre,salvemoslas2vidas,1
argentinaesprovida,salvemoslas2vidas,1
diegoeterno,nadiesesalvasolx,1
diegomaradona,diegoporsiempre,1
solenoide,solenoidestecnicagama,1
bonalingerie,camisolin,1
camisolin,pijama,1
paja,sabado,1
paja,total,1
sabado,total,1
amor,amorpropio,1
amor,elsecreto,1
amor,frases,1
amor,leydeatraccion,1
amorpropio,elsecreto,1
amorpropio,frases,1
amorpropio,leydeatraccion,1
elsecreto,frases,1
elsecreto,leydeatraccion,1
frases,leydeatraccion,1
river,vamosrivercarajo,1
banfield,futsal,2
boca,futsal,2
maradonaporsiempre,miketyson,1
maradonaporsiempre,vuelve,1
miketyson,vuelve,1
amigos,atardecer,1
amigos,sabado,1
atardecer,sabado,1
diegoeterno,sdtv,1
chetos,d10s,1
lamayoriaceleste,lamayoriaesceleste,1
diegoeterno,lanochedel10,1
leones,tiburones,1
chetos,lospumasnosonpueblo,1
chetos,machirulos,1
lospumasnosonpueblo,machirulos,1
boca,ninotti,1
28denoviembre,28nsalimostodos,1
28denoviembre,mayoriaceleste,1
28nsalimostodos,mayoriaceleste,1
alma,cantantes,1
alma,clowns,1
alma,gratuito,1
alma,independiente,1
alma,instrumentos,1
alma,medicos,1
alma,musica,1
alma,solidario,1
alma,video,1
cantantes,clowns,1
cantantes,gratuito,1
cantantes,independiente,1
cantantes,instrumentos,1
cantantes,medicos,1
cantantes,musica,1
cantantes,solidario,1
cantantes,video,1
clowns,gratuito,1
clowns,independiente,1
clowns,instrumentos,1
clowns,medicos,1
clowns,musica,1
clowns,solidario,1
clowns,video,1
gratuito,independiente,1
gratuito,instrumentos,1
gratuito,medicos,1
gratuito,musica,1
gratuito,solidario,1
gratuito,video,1
independiente,instrumentos,1
independiente,medicos,1
independiente,musica,1
independiente,solidario,1
independiente,video,1
instrumentos,medicos,1
instrumentos,musica,1
instrumentos,solidario,1
instrumentos,video,1
medicos,musica,1
medicos,solidario,1
medicos,video,1
musica,solidario,1
musica,video,1
solidario,video,1
defiendocineargentino,defiendocineindependiente,1
maradonaeterno,midiego,1
reydecopas,todosjuntos,1
reydecopas,vamosrojo,1
todosjuntos,vamosrojo,1
aaaj,diegomaradona,1
ad10s,futbol,1
bullrichmentirosa,santiagomaldonado,1
petalstm,teamdollnature,1
bocafútbolfemenino,excursionistas,1
freestyle,misio,1
freestyle,sub,1
misio,sub,1
21a00hs,fmpasión14años,2
21a00hs,hoysesalefuerte,2
21a00hs,por,2
21a00hs,sábados,2
fmpasión14años,hoysesalefuerte,2
fmpasión14años,por,2
fmpasión14años,sábados,2
hoysesalefuerte,por,2
hoysesalefuerte,sábados,2
por,sábados,2
diegoeterno,maradonaqepd,1
diegoeterno,porsiemprediego,1
diegoeterno,sobredosisdetv,1
maradonaqepd,porsiemprediego,1
maradonaqepd,sobredosisdetv,1
porsiemprediego,sobredosisdetv,1
21a00hs,mesaniversario,1
fmpasión14años,mesaniversario,1
hoysesalefuerte,mesaniversario,1
mesaniversario,por,1
mesaniversario,sábados,1
banfield,bocafutsal,1
banfield,xeneize,1
boca,bocafutsal,1
boca,xeneize,1
bocafutsal,xeneize,1
todorojo,todosjuntos,1
cyberpunk2077,cyberpunk2077hype,1
dalerojo,independiente,1
dalerojo,todorojo,1
dalerojo,vamosrojo,1
independiente,todorojo,1
independiente,vamosrojo,1
todorojo,vamosrojo,1
fideos,identidad,1
fideos,ollasessen,1
fideos,respetosolidaridad,1
fideos,reychef,1
fideos,solidarias,1
fideos,verdurasfrescas,1
identidad,ollasessen,1
identidad,respetosolidaridad,1
identidad,reychef,1
identidad,solidarias,1
identidad,verdurasfrescas,1
ollasessen,respetosolidaridad,1
ollasessen,reychef,1
ollasessen,solidarias,1
ollasessen,verdurasfrescas,1
respetosolidaridad,reychef,1
respetosolidaridad,solidarias,1
respetosolidaridad,verdurasfrescas,1
reychef,solidarias,1
reychef,verdurasfrescas,1
solidarias,verdurasfrescas,1
diegomaradona,gimnasia,1
